Workbook
Name Cost_Per_Unit: Dataset3_RetailStock!$D:$D
Name IQ_CH: 110000
Name IQ_CQ: 5000
Name IQ_CY: 10000
Name IQ_DAILY: 500000
Name IQ_FH: 100000
Name IQ_FQ: 500
Name IQ_FY: 1000
Name IQ_LTM: 2000
Name IQ_MONTH: 15000
Name IQ_NTM: 6000
Name IQ_WEEK: 50000
Name IQ_YTD: 3000
Name Region: Dataset1_SalesData!$D:$D
Name Sales: Dataset1_SalesData!$C:$C
Name Stock_Level: Dataset3_RetailStock!$B$1:$B$101

Sheet Dataset1_SalesData
A1: Date | B1: Product | C1: Sales | D1: Region | E1: Category
A2: 44927 | B2: Product C | C2: 661 | D2: North | E2: Electronics
A3: 44928 | B3: Product D | C3: 4797 | D3: East | E3: Furniture
A4: 44929 | B4: Product A | C4: 2481 | D4: North | E4: Toys
A5: 44930 | B5: Product C | C5: 1495 | D5: West | E5: Furniture
A6: 44931 | B6: Product C | C6: 3842 | D6: South | E6: Furniture
A7: 44932 | B7: Product D | C7: 4298 | D7: East | E7: Furniture
A8: 44933 | B8: Product A | C8: 1775 | D8: South | E8: Furniture
A9: 44934 | B9: Product A | C9: 1516 | D9: West | E9: Clothing
A10: 44935 | B10: Product C | C10: 837 | D10: West | E10: Toys
A11: 44936 | B11: Product B | C11: 1378 | D11: West | E11: Electronics
A12: 44937 | B12: Product C | C12: 1576 | D12: North | E12: Electronics
A13: 44938 | B13: Product C | C13: 4493 | D13: North | E13: Toys
... A101: 45026 | B101: Product A | C101: 3755 | D101: East | E101: Clothing

Sheet Analysis_1
O2: Project 1: Regional Sales Analysis
A3: Sum of Sales | B3: Column Labels
A4: Row Labels | B4: East | C4: North | D4: South | E4: West | F4: (blank) | G4: Grand Total | O4: Objective: Analyze and summarize sales performance across different regions.
A5: Clothing | B5: 8932 | C5: 13706 | D5: 32581 | E5: 5846 | G5: 61065 | O5: Dataset: Dataset 1 (Sales Data for Visualization Tasks).
A6: Jan | C6: 5449 | D6: 9035 | E6: 1516 | G6: 16000 | O6: Requirements:
A7: Feb | B7: 5177 | C7: 6475 | D7: 3273 | E7: 2097 | G7: 17022 | O7: Use COUNTIF and SUMIF to calculate total sales and transaction counts for each region.
A8: Mar | C8: 1782 | D8: 15676 | G8: 17458 | O8: Create a named range for the regions and use it in formulas.
A9: Apr | B9: 3755 | D9: 4597 | E9: 2233 | G9: 10585 | O9: Generate a pivot table to display total sales by product category and region.
A10: Electronics | B10: 17315 | C10: 20425 | D10: 23231 | E10: 8020 | G10: 68991 | O10: Visualize the results using a stacked bar chartcomparing regions by category.
A11: Jan | B11: 2562 | C11: 5715 | D11: 1443 | E11: 1378 | G11: 11098
A12: Feb | B12: 1063 | C12: 3814 | D12: 8118 | E12: 4479 | G12: 17474
A13: Mar | B13: 13690 | C13: 8689 | D13: 13670 | E13: 2163 | G13: 38212
A14: Apr | C14: 2207 | G14: 2207
A15: Furniture | B15: 29854 | C15: 2772 | D15: 27025 | E15: 14259 | G15: 73910
A16: Jan | B16: 13479 | D16: 5617 | E16: 1495 | G16: 20591
A17: Feb | B17: 10559 | C17: 2070 | D17: 10713 | E17: 4988 | G17: 28330
A18: Mar | B18: 1806 | D18: 7418 | E18: 3802 | G18: 13026
A19: Apr | B19: 4010 | C19: 702 | D19: 3277 | E19: 3974 | G19: 11963
A20: Toys | B20: 14085 | C20: 22094 | D20: 23300 | E20: 13540 | G20: 73019
A21: Jan | B21: 1995 | C21: 13887 | D21: 7786 | E21: 6968 | G21: 30636
A22: Feb | C22: 5835 | D22: 7495 | E22: 1559 | G22: 14889
A23: Mar | B23: 12090 | C23: 2372 | D23: 6665 | E23: 2353 | G23: 23480
A24: Apr | D24: 1354 | E24: 2660 | G24: 4014
A25: (blank)
A26: <1/1/23
A27: Grand Total | B27: 70186 | C27: 58997 | D27: 106137 | E27: 41665 | G27: 276985

Sheet Dataset2_EmployeeSales
A1: Employee ID | B1: Hours Worked | C1: Sales | D1: Cost | E1: Department
A2: 101 | B2: 37 | C2: 33289 | D2: 16174 | E2: Operations
A3: 102 | B3: 43 | C3: 45257 | D3: 9729 | E3: HR
A4: 103 | B4: 47 | C4: 19823 | D4: 14348 | E4: Marketing
A5: 104 | B5: 44 | C5: 19540 | D5: 10334 | E5: Operations
A6: 105 | B6: 31 | C6: 26364 | D6: 13924 | E6: Marketing
A7: 106 | B7: 39 | C7: 14611 | D7: 9330 | E7: Sales
A8: 107 | B8: 31 | C8: 37663 | D8: 11801 | E8: Sales
A9: 108 | B9: 46 | C9: 48646 | D9: 9846 | E9: HR
A10: 109 | B10: 37 | C10: 40977 | D10: 11731 | E10: Sales
A11: 110 | B11: 30 | C11: 39168 | D11: 20368 | E11: Sales
A12: 111 | B12: 38 | C12: 35471 | D12: 22337 | E12: Operations
A13: 112 | B13: 40 | C13: 32687 | D13: 7539 | E13: Marketing
... A101: 200 | B101: 39 | C101: 34244 | D101: 10713 | E101: Operations

Sheet Analysis_2
A1: Sales Per Hour | B1: Additional 5 Hours | C1: Salesincby 10% | D1: BothChanges | F1: Sales/Hour | G1: Additional 5 Hours | H1: SalesIncBy10% | I1: BothChanges
A2: =Dataset2_EmployeeSales!C2/Dataset2_EmployeeSales!B2 -> 899.7027 | B2: =Dataset2_EmployeeSales!C2/(Dataset2_EmployeeSales!B2+5) -> 792.59524 | C2: =Dataset2_EmployeeSales!C2*1.1/Dataset2_EmployeeSales!B2 -> 989.67297 | D2: =(Dataset2_EmployeeSales!C2*1.1)/(Dataset2_EmployeeSales!B2+5) -> 871.85476 | E2: Ave Sales/Hour | F2: =AVERAGE(A1:A101) -> 783.38713 | G2: =AVERAGE(B1:B101) -> 692.41109 | H2: =AVERAGE(C1:C101) -> 861.72584 | I2: =AVERAGE(D1:D101) -> 761.6522 | K2: Project 2: Employee Performance Dashboard
A3: =Dataset2_EmployeeSales!C3/Dataset2_EmployeeSales!B3 -> 1052.4884 | B3: =Dataset2_EmployeeSales!C3/(Dataset2_EmployeeSales!B3+5) -> 942.85417 | C3: =Dataset2_EmployeeSales!C3*1.1/Dataset2_EmployeeSales!B3 -> 1157.7372 | D3: =(Dataset2_EmployeeSales!C3*1.1)/(Dataset2_EmployeeSales!B3+5) -> 1037.1396 | E3: Total Sales | F3: =SUM(A1:A101) -> 78338.713 | G3: =SUM(B1:B101) -> 69241.109 | H3: =SUM(C1:C101) -> 86172.584 | I3: =SUM(D2:D101) -> 76165.22
A4: =Dataset2_EmployeeSales!C4/Dataset2_EmployeeSales!B4 -> 421.76596 | B4: =Dataset2_EmployeeSales!C4/(Dataset2_EmployeeSales!B4+5) -> 381.21154 | C4: =Dataset2_EmployeeSales!C4*1.1/Dataset2_EmployeeSales!B4 -> 463.94255 | D4: =(Dataset2_EmployeeSales!C4*1.1)/(Dataset2_EmployeeSales!B4+5) -> 419.33269 | K4: Objective: Create a performance dashboard for employees based on sales and hours worked.
A5: =Dataset2_EmployeeSales!C5/Dataset2_EmployeeSales!B5 -> 444.09091 | B5: =Dataset2_EmployeeSales!C5/(Dataset2_EmployeeSales!B5+5) -> 398.77551 | C5: =Dataset2_EmployeeSales!C5*1.1/Dataset2_EmployeeSales!B5 -> 488.5 | D5: =(Dataset2_EmployeeSales!C5*1.1)/(Dataset2_EmployeeSales!B5+5) -> 438.65306 | K5: Dataset: Dataset 2 (Employee Sales Performance).
A6: =Dataset2_EmployeeSales!C6/Dataset2_EmployeeSales!B6 -> 850.45161 | B6: =Dataset2_EmployeeSales!C6/(Dataset2_EmployeeSales!B6+5) -> 732.33333 | C6: =Dataset2_EmployeeSales!C6*1.1/Dataset2_EmployeeSales!B6 -> 935.49677 | D6: =(Dataset2_EmployeeSales!C6*1.1)/(Dataset2_EmployeeSales!B6+5) -> 805.56667 | K6: Requirements:
A7: =Dataset2_EmployeeSales!C7/Dataset2_EmployeeSales!B7 -> 374.64103 | B7: =Dataset2_EmployeeSales!C7/(Dataset2_EmployeeSales!B7+5) -> 332.06818 | C7: =Dataset2_EmployeeSales!C7*1.1/Dataset2_EmployeeSales!B7 -> 412.10513 | D7: =(Dataset2_EmployeeSales!C7*1.1)/(Dataset2_EmployeeSales!B7+5) -> 365.275 | K7: Add a calculated column for sales per hour using simple arithmetic formulas.
A8: =Dataset2_EmployeeSales!C8/Dataset2_EmployeeSales!B8 -> 1214.9355 | B8: =Dataset2_EmployeeSales!C8/(Dataset2_EmployeeSales!B8+5) -> 1046.1944 | C8: =Dataset2_EmployeeSales!C8*1.1/Dataset2_EmployeeSales!B8 -> 1336.429 | D8: =(Dataset2_EmployeeSales!C8*1.1)/(Dataset2_EmployeeSales!B8+5) -> 1150.8139 | K8: Use conditional formatting to highlight the top 10% of performers.
A9: =Dataset2_EmployeeSales!C9/Dataset2_EmployeeSales!B9 -> 1057.5217 | B9: =Dataset2_EmployeeSales!C9/(Dataset2_EmployeeSales!B9+5) -> 953.84314 | C9: =Dataset2_EmployeeSales!C9*1.1/Dataset2_EmployeeSales!B9 -> 1163.2739 | D9: =(Dataset2_EmployeeSales!C9*1.1)/(Dataset2_EmployeeSales!B9+5) -> 1049.2275 | K9: Create a scenario summary to compare total sales under three scenarios:
A10: =Dataset2_EmployeeSales!C10/Dataset2_EmployeeSales!B10 -> 1107.4865 | B10: =Dataset2_EmployeeSales!C10/(Dataset2_EmployeeSales!B10+5) -> 975.64286 | C10: =Dataset2_EmployeeSales!C10*1.1/Dataset2_EmployeeSales!B10 -> 1218.2351 | D10: =(Dataset2_EmployeeSales!C10*1.1)/(Dataset2_EmployeeSales!B10+5) -> 1073.2071 | K10: Employees work 5 additional hours.
A11: =Dataset2_EmployeeSales!C11/Dataset2_EmployeeSales!B11 -> 1305.6 | B11: =Dataset2_EmployeeSales!C11/(Dataset2_EmployeeSales!B11+5) -> 1119.0857 | C11: =Dataset2_EmployeeSales!C11*1.1/Dataset2_EmployeeSales!B11 -> 1436.16 | D11: =(Dataset2_EmployeeSales!C11*1.1)/(Dataset2_EmployeeSales!B11+5) -> 1230.9943 | K11: Sales increase by 10%.
A12: =Dataset2_EmployeeSales!C12/Dataset2_EmployeeSales!B12 -> 933.44737 | B12: =Dataset2_EmployeeSales!C12/(Dataset2_EmployeeSales!B12+5) -> 824.90698 | C12: =Dataset2_EmployeeSales!C12*1.1/Dataset2_EmployeeSales!B12 -> 1026.7921 | D12: =(Dataset2_EmployeeSales!C12*1.1)/(Dataset2_EmployeeSales!B12+5) -> 907.39767 | K12: Both changes happen simultaneously.
A13: =Dataset2_EmployeeSales!C13/Dataset2_EmployeeSales!B13 -> 817.175 | B13: =Dataset2_EmployeeSales!C13/(Dataset2_EmployeeSales!B13+5) -> 726.37778 | C13: =Dataset2_EmployeeSales!C13*1.1/Dataset2_EmployeeSales!B13 -> 898.8925 | D13: =(Dataset2_EmployeeSales!C13*1.1)/(Dataset2_EmployeeSales!B13+5) -> 799.01556 | K13: Display the results in a summary table with a line chart visualizing scenarios.
A14: =Dataset2_EmployeeSales!C14/Dataset2_EmployeeSales!B14 -> 241.13333 | B14: =Dataset2_EmployeeSales!C14/(Dataset2_EmployeeSales!B14+5) -> 217.02 | C14: =Dataset2_EmployeeSales!C14*1.1/Dataset2_EmployeeSales!B14 -> 265.24667 | D14: =(Dataset2_EmployeeSales!C14*1.1)/(Dataset2_EmployeeSales!B14+5) -> 238.722
A15: =Dataset2_EmployeeSales!C15/Dataset2_EmployeeSales!B15 -> 779.75 | B15: =Dataset2_EmployeeSales!C15/(Dataset2_EmployeeSales!B15+5) -> 684.65854 | C15: =Dataset2_EmployeeSales!C15*1.1/Dataset2_EmployeeSales!B15 -> 857.725 | D15: =(Dataset2_EmployeeSales!C15*1.1)/(Dataset2_EmployeeSales!B15+5) -> 753.12439
A16: =Dataset2_EmployeeSales!C16/Dataset2_EmployeeSales!B16 -> 431.61538 | B16: =Dataset2_EmployeeSales!C16/(Dataset2_EmployeeSales!B16+5) -> 382.56818 | C16: =Dataset2_EmployeeSales!C16*1.1/Dataset2_EmployeeSales!B16 -> 474.77692 | D16: =(Dataset2_EmployeeSales!C16*1.1)/(Dataset2_EmployeeSales!B16+5) -> 420.825
A17: =Dataset2_EmployeeSales!C17/Dataset2_EmployeeSales!B17 -> 685.5625 | B17: =Dataset2_EmployeeSales!C17/(Dataset2_EmployeeSales!B17+5) -> 592.91892 | C17: =Dataset2_EmployeeSales!C17*1.1/Dataset2_EmployeeSales!B17 -> 754.11875 | D17: =(Dataset2_EmployeeSales!C17*1.1)/(Dataset2_EmployeeSales!B17+5) -> 652.21081
A18: =Dataset2_EmployeeSales!C18/Dataset2_EmployeeSales!B18 -> 961.59574 | B18: =Dataset2_EmployeeSales!C18/(Dataset2_EmployeeSales!B18+5) -> 869.13462 | C18: =Dataset2_EmployeeSales!C18*1.1/Dataset2_EmployeeSales!B18 -> 1057.7553 | D18: =(Dataset2_EmployeeSales!C18*1.1)/(Dataset2_EmployeeSales!B18+5) -> 956.04808
A19: =Dataset2_EmployeeSales!C19/Dataset2_EmployeeSales!B19 -> 860.57143 | B19: =Dataset2_EmployeeSales!C19/(Dataset2_EmployeeSales!B19+5) -> 769.02128 | C19: =Dataset2_EmployeeSales!C19*1.1/Dataset2_EmployeeSales!B19 -> 946.62857 | D19: =(Dataset2_EmployeeSales!C19*1.1)/(Dataset2_EmployeeSales!B19+5) -> 845.9234
A20: =Dataset2_EmployeeSales!C20/Dataset2_EmployeeSales!B20 -> 388.88889 | B20: =Dataset2_EmployeeSales!C20/(Dataset2_EmployeeSales!B20+5) -> 341.46341 | C20: =Dataset2_EmployeeSales!C20*1.1/Dataset2_EmployeeSales!B20 -> 427.77778 | D20: =(Dataset2_EmployeeSales!C20*1.1)/(Dataset2_EmployeeSales!B20+5) -> 375.60976
A21: =Dataset2_EmployeeSales!C21/Dataset2_EmployeeSales!B21 -> 456.12121 | B21: =Dataset2_EmployeeSales!C21/(Dataset2_EmployeeSales!B21+5) -> 396.10526 | C21: =Dataset2_EmployeeSales!C21*1.1/Dataset2_EmployeeSales!B21 -> 501.73333 | D21: =(Dataset2_EmployeeSales!C21*1.1)/(Dataset2_EmployeeSales!B21+5) -> 435.71579
A22: =Dataset2_EmployeeSales!C22/Dataset2_EmployeeSales!B22 -> 1083.4762 | B22: =Dataset2_EmployeeSales!C22/(Dataset2_EmployeeSales!B22+5) -> 968.21277 | C22: =Dataset2_EmployeeSales!C22*1.1/Dataset2_EmployeeSales!B22 -> 1191.8238 | D22: =(Dataset2_EmployeeSales!C22*1.1)/(Dataset2_EmployeeSales!B22+5) -> 1065.034
A23: =Dataset2_EmployeeSales!C23/Dataset2_EmployeeSales!B23 -> 777.02041 | B23: =Dataset2_EmployeeSales!C23/(Dataset2_EmployeeSales!B23+5) -> 705.07407 | C23: =Dataset2_EmployeeSales!C23*1.1/Dataset2_EmployeeSales!B23 -> 854.72245 | D23: =(Dataset2_EmployeeSales!C23*1.1)/(Dataset2_EmployeeSales!B23+5) -> 775.58148
A24: =Dataset2_EmployeeSales!C24/Dataset2_EmployeeSales!B24 -> 1605.1667 | B24: =Dataset2_EmployeeSales!C24/(Dataset2_EmployeeSales!B24+5) -> 1375.8571 | C24: =Dataset2_EmployeeSales!C24*1.1/Dataset2_EmployeeSales!B24 -> 1765.6833 | D24: =(Dataset2_EmployeeSales!C24*1.1)/(Dataset2_EmployeeSales!B24+5) -> 1513.4429
A25: =Dataset2_EmployeeSales!C25/Dataset2_EmployeeSales!B25 -> 1143.7838 | B25: =Dataset2_EmployeeSales!C25/(Dataset2_EmployeeSales!B25+5) -> 1007.619 | C25: =Dataset2_EmployeeSales!C25*1.1/Dataset2_EmployeeSales!B25 -> 1258.1622 | D25: =(Dataset2_EmployeeSales!C25*1.1)/(Dataset2_EmployeeSales!B25+5) -> 1108.381
... A101: =Dataset2_EmployeeSales!C101/Dataset2_EmployeeSales!B101 -> 878.05128 | B101: =Dataset2_EmployeeSales!C101/(Dataset2_EmployeeSales!B101+5) -> 778.27273 | C101: =Dataset2_EmployeeSales!C101*1.1/Dataset2_EmployeeSales!B101 -> 965.85641 | D101: =(Dataset2_EmployeeSales!C101*1.1)/(Dataset2_EmployeeSales!B101+5) -> 856.1

Sheet Dataset3_RetailStock
A1: Product ID | B1: Stock Level | C1: Reorder Point | D1: Cost Per Unit | E1: Holding cost
A2: P1001 | B2: 30 | C2: 30 | D2: 14.59 | E2: =B2*D2*$I$2 -> 43.77 | I2: 0.1 | K2: Project 3: Retail Inventory Optimization
A3: P1002 | B3: 32 | C3: 32 | D3: 34.42 | E3: =B3*D3*$I$2 -> 110.144
A4: P1003 | B4: 27 | C4: 27 | D4: 21.55 | E4: =B4*D4*$I$2 -> 58.185 | K4: Objective: Determine the optimal stock level for minimizing holding costs.
A5: P1004 | B5: 18 | C5: 18 | D5: 33.25 | E5: =B5*D5*$I$2 -> 59.85 | G5: Total Holding Cost | H5: =SUM(E2:E101) -> 8286.783 | K5: Dataset: Dataset 3 (Retail Stock Data).
A6: P1005 | B6: 28 | C6: 28 | D6: 16.17 | E6: =B6*D6*$I$2 -> 45.276 | K6: Requirements:
A7: P1006 | B7: 6 | C7: 6 | D7: 29.25 | E7: =B7*D7*$I$2 -> 17.55 | K7: Create a formula to calculate the holding cost for each product as Stock Level × Cost Per Unit × 0.1.
A8: P1007 | B8: 49 | C8: 49 | D8: 31.3 | E8: =B8*D8*$I$2 -> 153.37 | K8: Use Excel Solver to minimize total holding cost by adjusting reorder points under these constraints:
A9: P1008 | B9: 30 | C9: 30 | D9: 12.07 | E9: =B9*D9*$I$2 -> 36.21 | K9: Stock Level ≥ Reorder Point.
A10: P1009 | B10: 18 | C10: 18 | D10: 23.46 | E10: =B10*D10*$I$2 -> 42.228 | K10: Stock Level ≤ 200.
A11: P1010 | B11: 11 | C11: 11 | D11: 15.38 | E11: =B11*D11*$I$2 -> 16.918 | K11: Visualize stock levels and reorder points using a scatterplot.
A12: P1011 | B12: 7 | C12: 7 | D12: 12.53 | E12: =B12*D12*$I$2 -> 8.771
A13: P1012 | B13: 27 | C13: 27 | D13: 49.6 | E13: =B13*D13*$I$2 -> 133.92
A14: P1013 | B14: 47 | C14: 47 | D14: 22.89 | E14: =B14*D14*$I$2 -> 107.583
A15: P1014 | B15: 49 | C15: 49 | D15: 42.39 | E15: =B15*D15*$I$2 -> 207.711
A16: P1015 | B16: 22 | C16: 22 | D16: 20.19 | E16: =B16*D16*$I$2 -> 44.418
A17: P1016 | B17: 42 | C17: 42 | D17: 37.26 | E17: =B17*D17*$I$2 -> 156.492
A18: P1017 | B18: 39 | C18: 39 | D18: 40.41 | E18: =B18*D18*$I$2 -> 157.599
A19: P1018 | B19: 19 | C19: 19 | D19: 33.83 | E19: =B19*D19*$I$2 -> 64.277
A20: P1019 | B20: 29 | C20: 29 | D20: 28.86 | E20: =B20*D20*$I$2 -> 83.694
A21: P1020 | B21: 41 | C21: 41 | D21: 26.47 | E21: =B21*D21*$I$2 -> 108.527
A22: P1021 | B22: 32 | C22: 32 | D22: 23.95 | E22: =B22*D22*$I$2 -> 76.64
A23: P1022 | B23: 14 | C23: 14 | D23: 47.18 | E23: =B23*D23*$I$2 -> 66.052
... A101: P1100 | B101: 16 | C101: 16 | D101: 34.46 | E101: =B101*D101*$I$2 -> 55.136

Sheet Dataset4_Transactions
A1: Transaction ID | B1: Amount | C1: If-Formula | D1: Type | E1: Date
A2: T001 | B2: 1162.99 | C2: =IF(B2>$I$5,$I$3,$I$4) -> Small | D2: Credit | E2: 44927 | L2: Credit | M2: =COUNTIF(D:D,D2) -> 48
A3: T002 | B3: 8849.12 | C3: =IF(B3>$I$5,$I$3,$I$4) -> Large | D3: Debit | E3: 44928 | I3: Large | L3: Debit | M3: =COUNTIF(D:D,D3) -> 52 | N3: Project 4: Financial Transactions Analysis
A4: T003 | B4: 9389.06 | C4: =IF(B4>$I$5,$I$3,$I$4) -> Large | D4: Credit | E4: 44929 | I4: Small
A5: T004 | B5: 6086.2 | C5: =IF(B5>$I$5,$I$3,$I$4) -> Large | D5: Debit | E5: 44930 | I5: 5000 | N5: Objective: Categorize and summarize transactions by type and date.
A6: T005 | B6: 7269.86 | C6: =IF(B6>$I$5,$I$3,$I$4) -> Large | D6: Credit | E6: 44931 | N6: Dataset: Dataset 4 (Financial Transactions).
A7: T006 | B7: 9302.49 | C7: =IF(B7>$I$5,$I$3,$I$4) -> Large | D7: Credit | E7: 44932 | N7: Requirements:
A8: T007 | B8: 7365.15 | C8: =IF(B8>$I$5,$I$3,$I$4) -> Large | D8: Debit | E8: 44933 | N8: Use COUNTIF to calculate the number of credit and debit transactions.
A9: T008 | B9: 2372.85 | C9: =IF(B9>$I$5,$I$3,$I$4) -> Small | D9: Debit | E9: 44934 | N9: Create a histogram to display the distribution of transaction amounts.
A10: T009 | B10: 6186.6 | C10: =IF(B10>$I$5,$I$3,$I$4) -> Large | D10: Credit | E10: 44935 | N10: Use IF formulas to classify transactions as "Large" (Amount > $5000) or "Small."
A11: T010 | B11: 6460.44 | C11: =IF(B11>$I$5,$I$3,$I$4) -> Large | D11: Debit | E11: 44936 | N11: Summarize monthly transaction totals using a pivot table and visualize them with a line chart.
A12: T011 | B12: 4817.18 | C12: =IF(B12>$I$5,$I$3,$I$4) -> Small | D12: Credit | E12: 44937
A13: T012 | B13: 7628 | C13: =IF(B13>$I$5,$I$3,$I$4) -> Large | D13: Credit | E13: 44938
A14: T013 | B14: 9409.3 | C14: =IF(B14>$I$5,$I$3,$I$4) -> Large | D14: Credit | E14: 44939
A15: T014 | B15: 9330.12 | C15: =IF(B15>$I$5,$I$3,$I$4) -> Large | D15: Credit | E15: 44940
A16: T015 | B16: 5057.55 | C16: =IF(B16>$I$5,$I$3,$I$4) -> Large | D16: Credit | E16: 44941
A17: T016 | B17: 2019.14 | C17: =IF(B17>$I$5,$I$3,$I$4) -> Small | D17: Debit | E17: 44942
A18: T017 | B18: 9863.57 | C18: =IF(B18>$I$5,$I$3,$I$4) -> Large | D18: Credit | E18: 44943
A19: T018 | B19: 8550.08 | C19: =IF(B19>$I$5,$I$3,$I$4) -> Large | D19: Credit | E19: 44944
A20: T019 | B20: 2121.96 | C20: =IF(B20>$I$5,$I$3,$I$4) -> Small | D20: Debit | E20: 44945
A21: T020 | B21: 9287.58 | C21: =IF(B21>$I$5,$I$3,$I$4) -> Large | D21: Credit | E21: 44946
A22: T021 | B22: 8829.07 | C22: =IF(B22>$I$5,$I$3,$I$4) -> Large | D22: Debit | E22: 44947
A23: T022 | B23: 5669.54 | C23: =IF(B23>$I$5,$I$3,$I$4) -> Large | D23: Debit | E23: 44948
... A101: T100 | B101: 4574.65 | C101: =IF(B101>$I$5,$I$3,$I$4) -> Small | D101: Debit | E101: 45026

Sheet Analysis_4
S1: Project 4: Financial Transactions Analysis
H4: Transaction ID | I4: (All)
P5: Objective: Categorize and summarize transactions by type and date.
H6: Sum of Amount | I6: Column Labels | P6: Dataset: Dataset 4 (Financial Transactions).
H7: Row Labels | I7: Jan | J7: Feb | K7: Mar | L7: Apr | M7: Grand Total | P7: Requirements:
H8: Credit | I8: 112980.24 | J8: 60173.78 | K8: 63803.67 | L8: 15190.82 | M8: 252148.51 | P8: Use COUNTIF to calculate the number of credit and debit transactions.
H9: Debit | I9: 74158.68 | J9: 82939.1 | K9: 77550.43 | L9: 39965.5 | M9: 274613.71 | P9: Create a histogram to display the distribution of transaction amounts.
H10: Grand Total | I10: 187138.92 | J10: 143112.88 | K10: 141354.1 | L10: 55156.32 | M10: 526762.22 | P10: Use IF formulas to classify transactions as "Large" (Amount > $5000) or "Small."
P11: Summarize monthly transaction totals using a pivot table and visualize them with a line chart.

Sheet Dataset5_WeatherData
A1: Year | B1: Month | C1: State | D1: Average Temperature | E1: Precipitation | F1: Year and Month | G1: UniqueYear&Month | H1: MonthlyAvgTemp | I1: MonthlyAvg Pre | M1: Project 5: Weather Data Insights
A2: 2022 | B2: Mar | C2: Texas | D2: 32.4 | E2: 8.26 | F2: =A2 & "-" & B2 -> 2022-Mar | G2: {=_xlfn.UNIQUE(F2:F101)} -> 2022-Mar | H2: =AVERAGEIF($F$2:$F$101,G2,$D$2:$D$101) -> 51.86 | I2: =AVERAGEIF($F$2:$F$101,G2,$E$2:$E$101) -> 7.502
A3: 2022 | B3: May | C3: Texas | D3: 92.6 | E3: 2.98 | F3: =A3 & "-" & B3 -> 2022-May | G3: 2022-May | H3: =AVERAGEIF($F$2:$F$101,G3,$D$2:$D$101) -> 62.35 | I3: =AVERAGEIF($F$2:$F$101,G3,$E$2:$E$101) -> 6.4483333 | M3: Objective: Summarize weather trends and identify outliers.
A4: 2023 | B4: Dec | C4: New York | D4: 90.2 | E4: 8.4 | F4: =A4 & "-" & B4 -> 2023-Dec | G4: 2023-Dec | H4: =AVERAGEIF($F$2:$F$101,G4,$D$2:$D$101) -> 67.614286 | I4: =AVERAGEIF($F$2:$F$101,G4,$E$2:$E$101) -> 6.0271429 | M4: Dataset: Dataset 5 (Monthly Weather Data).
A5: 2023 | B5: Nov | C5: Florida | D5: 62 | E5: 7.73 | F5: =A5 & "-" & B5 -> 2023-Nov | G5: 2023-Nov | H5: =AVERAGEIF($F$2:$F$101,G5,$D$2:$D$101) -> 77.75 | I5: =AVERAGEIF($F$2:$F$101,G5,$E$2:$E$101) -> 4.885 | M5: Requirements:
A6: 2022 | B6: Nov | C6: Florida | D6: 57.4 | E6: 2.3 | F6: =A6 & "-" & B6 -> 2022-Nov | G6: 2022-Nov | H6: =AVERAGEIF($F$2:$F$101,G6,$D$2:$D$101) -> 53.95 | I6: =AVERAGEIF($F$2:$F$101,G6,$E$2:$E$101) -> 5.39 | M6: Calculate monthly averages for temperature and precipitation using AVERAGEIF.
A7: 2022 | B7: Jan | C7: California | D7: 49.1 | E7: 1.31 | F7: =A7 & "-" & B7 -> 2022-Jan | G7: 2022-Jan | H7: =AVERAGEIF($F$2:$F$101,G7,$D$2:$D$101) -> 71.15 | I7: =AVERAGEIF($F$2:$F$101,G7,$E$2:$E$101) -> 4.245 | M7: Use conditional formatting to highlight temperatures above 90°F or precipitation below 1 inch.
A8: 2022 | B8: Jan | C8: Florida | D8: 63.4 | E8: 8.68 | F8: =A8 & "-" & B8 -> 2022-Jan | G8: 2022-Oct | H8: =AVERAGEIF($F$2:$F$101,G8,$D$2:$D$101) -> 71.18 | I8: =AVERAGEIF($F$2:$F$101,G8,$E$2:$E$101) -> 4.636 | M8: Create a box plot for average temperatures to identify outliers.
A9: 2022 | B9: Oct | C9: Texas | D9: 33.1 | E9: 9.63 | F9: =A9 & "-" & B9 -> 2022-Oct | G9: 2023-Sep | H9: =AVERAGEIF($F$2:$F$101,G9,$D$2:$D$101) -> 74.8375 | I9: =AVERAGEIF($F$2:$F$101,G9,$E$2:$E$101) -> 4.26875
A10: 2023 | B10: Sep | C10: Florida | D10: 89.7 | E10: 0.31 | F10: =A10 & "-" & B10 -> 2023-Sep | G10: 2022-Jul | H10: =AVERAGEIF($F$2:$F$101,G10,$D$2:$D$101) -> 65.73 | I10: =AVERAGEIF($F$2:$F$101,G10,$E$2:$E$101) -> 4.144
A11: 2022 | B11: Jul | C11: California | D11: 32.5 | E11: 7.31 | F11: =A11 & "-" & B11 -> 2022-Jul | G11: 2023-Jan | H11: =AVERAGEIF($F$2:$F$101,G11,$D$2:$D$101) -> 61.266667 | I11: =AVERAGEIF($F$2:$F$101,G11,$E$2:$E$101) -> 8.5566667
A12: 2023 | B12: Jan | C12: New York | D12: 53 | E12: 9.1 | F12: =A12 & "-" & B12 -> 2023-Jan | G12: 2023-Aug | H12: =AVERAGEIF($F$2:$F$101,G12,$D$2:$D$101) -> 86.6 | I12: =AVERAGEIF($F$2:$F$101,G12,$E$2:$E$101) -> 5.955
A13: 2023 | B13: Dec | C13: California | D13: 95.2 | E13: 8.57 | F13: =A13 & "-" & B13 -> 2023-Dec | G13: 2022-Aug | H13: =AVERAGEIF($F$2:$F$101,G13,$D$2:$D$101) -> 61.933333 | I13: =AVERAGEIF($F$2:$F$101,G13,$E$2:$E$101) -> 6.5633333
A14: 2023 | B14: Aug | C14: California | D14: 81.5 | E14: 9.65 | F14: =A14 & "-" & B14 -> 2023-Aug | G14: 2023-Jul | H14: =AVERAGEIF($F$2:$F$101,G14,$D$2:$D$101) -> 48.04 | I14: =AVERAGEIF($F$2:$F$101,G14,$E$2:$E$101) -> 6.828
A15: 2022 | B15: Mar | C15: New York | D15: 49.7 | E15: 7.6 | F15: =A15 & "-" & B15 -> 2022-Mar | G15: 2022-Jun | H15: =AVERAGEIF($F$2:$F$101,G15,$D$2:$D$101) -> 90.65 | I15: =AVERAGEIF($F$2:$F$101,G15,$E$2:$E$101) -> 5.415
A16: 2022 | B16: Aug | C16: California | D16: 47.7 | E16: 4.42 | F16: =A16 & "-" & B16 -> 2022-Aug | G16: 2023-Jun | H16: =AVERAGEIF($F$2:$F$101,G16,$D$2:$D$101) -> 39.45 | I16: =AVERAGEIF($F$2:$F$101,G16,$E$2:$E$101) -> 5.265
A17: 2022 | B17: May | C17: California | D17: 30.4 | E17: 3.12 | F17: =A17 & "-" & B17 -> 2022-May | G17: 2023-Feb | H17: =AVERAGEIF($F$2:$F$101,G17,$D$2:$D$101) -> 44.733333 | I17: =AVERAGEIF($F$2:$F$101,G17,$E$2:$E$101) -> 6.18
A18: 2022 | B18: Jan | C18: Florida | D18: 78.7 | E18: 3.21 | F18: =A18 & "-" & B18 -> 2022-Jan | G18: 2023-Oct | H18: =AVERAGEIF($F$2:$F$101,G18,$D$2:$D$101) -> 64.9 | I18: =AVERAGEIF($F$2:$F$101,G18,$E$2:$E$101) -> 4.04
A19: 2023 | B19: Jul | C19: Florida | D19: 33.4 | E19: 7.24 | F19: =A19 & "-" & B19 -> 2023-Jul | G19: 2022-Sep | H19: =AVERAGEIF($F$2:$F$101,G19,$D$2:$D$101) -> 78.9 | I19: =AVERAGEIF($F$2:$F$101,G19,$E$2:$E$101) -> 2.48
A20: 2022 | B20: May | C20: New York | D20: 67.3 | E20: 7.46 | F20: =A20 & "-" & B20 -> 2022-May | G20: 2023-Mar | H20: =AVERAGEIF($F$2:$F$101,G20,$D$2:$D$101) -> 63.233333 | I20: =AVERAGEIF($F$2:$F$101,G20,$E$2:$E$101) -> 4.8833333
... A25: 2023 | B25: Feb | C25: Florida | D25: 34.3 | E25: 4.72 | F25: =A25 & "-" & B25 -> 2023-Feb | G25: 2023-Apr | H25: =AVERAGEIF($F$2:$F$101,G25,$D$2:$D$101) -> 42.2 | I25: =AVERAGEIF($F$2:$F$101,G25,$E$2:$E$101) -> 5.34
A26: 2023 | B26: Sep | C26: Texas | D26: 91.8 | E26: 5.43 | F26: =A26 & "-" & B26 -> 2023-Sep
A27: 2023 | B27: Dec | C27: Florida | D27: 66.1 | E27: 1.59 | F27: =A27 & "-" & B27 -> 2023-Dec
A28: 2023 | B28: Nov | C28: Florida | D28: 93.5 | E28: 2.04 | F28: =A28 & "-" & B28 -> 2023-Nov
A29: 2023 | B29: Oct | C29: New York | D29: 70 | E29: 0.91 | F29: =A29 & "-" & B29 -> 2023-Oct
A30: 2023 | B30: Sep | C30: New York | D30: 76.3 | E30: 1.54 | F30: =A30 & "-" & B30 -> 2023-Sep
A31: 2023 | B31: Oct | C31: New York | D31: 68.1 | E31: 4.54 | F31: =A31 & "-" & B31 -> 2023-Oct
A32: 2022 | B32: Oct | C32: Texas | D32: 90.5 | E32: 5.3 | F32: =A32 & "-" & B32 -> 2022-Oct
A33: 2022 | B33: Jul | C33: California | D33: 81.4 | E33: 0.18 | F33: =A33 & "-" & B33 -> 2022-Jul
A34: 2022 | B34: Jan | C34: Florida | D34: 66.5 | E34: 7.97 | F34: =A34 & "-" & B34 -> 2022-Jan
A35: 2022 | B35: Jul | C35: Florida | D35: 90.8 | E35: 2.94 | F35: =A35 & "-" & B35 -> 2022-Jul
A36: 2023 | B36: Oct | C36: Florida | D36: 47.2 | E36: 9.12 | F36: =A36 & "-" & B36 -> 2023-Oct
A37: 2022 | B37: May | C37: Texas | D37: 41 | E37: 9.68 | F37: =A37 & "-" & B37 -> 2022-May
... A101: 2023 | B101: Sep | C101: Texas | D101: 66.9 | E101: 5.97 | F101: =A101 & "-" & B101 -> 2023-Sep
